language,tokens_old_input,tokens_new_input,gain_input,tokens_old_output,tokens_new_output,gain_output
English,19330067,17347862,10.254516965719777,57667388,52215716,9.453648221417623
Portuguese,715431,630942,11.809524608243143,2648620,2318775,12.453466333411361
Russian,621459,527283,15.154016596428727,2080849,1725084,17.097107959299304
Spanish,569825,523165,8.18847891896635,1966840,1802458,8.357670171442518
unknown,391478,331916,15.21464807728659,1666332,1470021,11.781025629946493
German,372619,344381,7.578250169744431,1282779,1168607,8.900363975400284
Italian,272113,242333,10.94398283066226,1344178,1171251,12.864888429954961
French,409205,381745,6.710572940213341,1158509,1072090,7.459501825190827
Chinese,115552,109375,5.345645250623096,389995,342309,12.227336247900615
Korean,136958,103919,24.12345390557689,345179,260188,24.62229741670264
Polish,62879,58521,6.930771799805976,190521,175049,8.120889560730838
Japanese,48274,49937,-3.444918589717032,185413,172639,6.889484556099087
Ukrainian,52161,46195,11.437664155211749,130308,109947,15.625287779721889
Indonesian,50681,51413,-1.4443282492452794,114224,110421,3.3294228883597143
Arabic,43101,43224,-0.2853762093686921,108165,100222,7.343410530208478
Latin,13482,12072,10.45838896306186,108007,94815,12.214023165165221
Turkish,35928,33710,6.173458027165442,77601,73066,5.843996855710622
Vietnamese,47441,47463,-0.04637339010560486,59258,57514,2.9430625400789765
Dutch,28292,27251,3.679485366888166,59309,57367,3.2743765701664165
Danish,25488,22072,13.402385436283742,60069,55944,6.867102831743495
Greek,23609,22608,4.239908509466729,53058,45630,13.999773832409815
Swedish,19994,19262,3.6610983294988495,49242,47201,4.144835709353804
Tsonga,8086,7442,7.964382883997032,58581,54143,7.57583516839931
Scots,6648,6230,6.287605294825512,57864,55091,4.79227153325038
Czech,11113,11445,-2.9874921263385223,51096,49800,2.5364020666979803
Hungarian,15434,15642,-1.347673966567319,42166,41288,2.082246359626239
Serbian,6626,5741,13.356474494415938,50959,42407,16.782118958378305
Finnish,9250,9279,-0.31351351351351353,47124,44847,4.831932773109243
Corsican,3648,3411,6.496710526315789,42115,37348,11.31900747952036
Romanian,6600,6397,3.0757575757575757,36426,34738,4.6340525997913575
Slovak,7297,6709,8.058106070988078,34945,32006,8.410359135784805
Persian,10035,11337,-12.974588938714499,31274,32170,-2.8649996802455715
Galician,7499,6022,19.695959461261502,31921,28968,9.250963315685599
Bulgarian,14040,13396,4.586894586894587,23616,20721,12.258638211382113
Hawaiian,3250,3019,7.107692307692307,32968,29886,9.348459111866052
Esperanto,4603,4424,3.8887681946556594,30525,28789,5.687141687141687
Hebrew,15241,15946,-4.625680729610918,17260,17891,-3.6558516801853997
Norwegian,3707,3751,-1.1869436201780414,24418,23741,2.772544843967565
Malay,3005,2787,7.254575707154742,21854,20671,5.41319666880205
Occitan,1470,1440,2.0408163265306123,22855,20926,8.440166265587399
Croatian,3802,3766,0.9468700683850605,19446,17664,9.163838321505708
Catalan,5419,5187,4.281232699760103,17165,16120,6.087969705796679
Thai,4755,4936,-3.8065194532071502,17734,16998,4.150219916544491
Norwegian Nynorsk,3152,3080,2.284263959390863,14078,13262,5.796277880380736
Malagasy,2229,2131,4.396590399282189,14143,12784,9.608993848546984
Guarani,1153,1122,2.6886383347788376,15048,14336,4.7315257841573635
Volapük,751,728,3.062583222370173,12406,11409,8.036433983556345
Slovenian,2850,2994,-5.052631578947368,8797,8753,0.5001705126747755
Uzbek,3132,3102,0.9578544061302682,8034,7255,9.696290764251929
Bosnian,3445,3349,2.7866473149492017,7660,6983,8.838120104438643
Seselwa Creole French,5107,4872,4.601527315449383,5852,5425,7.29665071770335
Macedonian,722,527,27.008310249307478,10232,8762,14.366692728694293
Afrikaans,1449,1437,0.8281573498964804,9371,8896,5.06882936719667
Kinyarwanda,1402,1220,12.981455064194009,9323,8426,9.621366512925023
Swahili,3248,3023,6.927339901477833,7305,6961,4.7091033538672145
Tagalog,1018,998,1.9646365422396856,9368,8536,8.88129803586678
Somali,1804,1778,1.441241685144124,8284,7782,6.059874456784162
Hindi,3926,3913,0.33112582781456956,5696,5904,-3.651685393258427
Basque,659,651,1.2139605462822458,7778,7200,7.431216250964258
Latvian,1646,1546,6.075334143377885,6102,6035,1.0980006555227795
Manx,695,685,1.4388489208633093,6852,6575,4.0426152948044365
Quechua,845,822,2.7218934911242605,6633,6408,3.3921302578018997
Bislama,1704,1524,10.56338028169014,5682,5342,5.98380851812742
Luxembourgish,618,536,13.268608414239482,6520,5795,11.11963190184049
Breton,773,748,3.2341526520051747,6352,5927,6.69080604534005
Sanskrit,618,575,6.957928802588997,6344,6081,4.145649432534679
Interlingue,534,494,7.49063670411985,6327,5655,10.621147463252726
Ganda,2014,2123,-5.412115193644489,4581,4306,6.003056101287928
Interlingua,616,587,4.707792207792208,5789,5236,9.552599758162032
Haitian Creole,483,458,5.175983436853002,5913,5254,11.144934889227127
Welsh,1626,1477,9.16359163591636,4681,4499,3.8880581072420424
Waray,796,765,3.8944723618090453,5300,4992,5.811320754716981
Bangla,1055,1072,-1.6113744075829384,4945,4400,11.02123356926188
Scottish Gaelic,1199,1114,7.089241034195163,4715,4174,11.474019088016966
Morisyen,266,250,6.015037593984962,5474,4986,8.914870295944464
Samoan,563,511,9.236234458259325,4927,4565,7.347270144103917
Fijian,238,242,-1.680672268907563,5220,4943,5.306513409961686
Tatar,165,155,6.0606060606060606,5195,4755,8.46968238691049
Klingon,464,446,3.8793103448275863,4841,4545,6.114439165461682
Wolof,707,649,8.203677510608204,4403,4203,4.542357483533954
Western Frisian,873,584,33.10423825887744,4120,3969,3.6650485436893203
Xhosa,203,198,2.4630541871921183,4782,4495,6.001672940192388
Estonian,936,917,2.02991452991453,4048,3878,4.199604743083004
Tongan,205,201,1.951219512195122,4736,4285,9.522804054054054
Romansh,615,580,5.691056910569106,4258,3970,6.763738844527947
Faroese,449,385,14.25389755011136,4004,3582,10.53946053946054
Irish,700,647,7.571428571428571,3630,3423,5.702479338842975
Nyanja,336,346,-2.9761904761904763,3716,3545,4.601722282023681
Lingala,82,76,7.317073170731708,3862,3520,8.855515277058519
Kazakh,451,374,17.073170731707318,3357,2999,10.664283586535598
Southern Sotho,356,343,3.651685393258427,3321,3103,6.564287865100873
Kalaallisut,277,270,2.527075812274368,3154,2885,8.528852251109702
Afar,1283,1198,6.625097427903351,2105,2068,1.7577197149643706
zzp,482,452,6.224066390041494,2905,2738,5.748709122203098
Aymara,314,283,9.872611464968152,2995,2620,12.520868113522537
Oromo,865,773,10.635838150289016,2438,2259,7.34208367514356
Tswana,224,229,-2.232142857142857,2936,2791,4.938692098092643
Hausa,295,275,6.779661016949152,2754,2514,8.714596949891067
Māori,703,715,-1.7069701280227596,2271,2252,0.836635843240863
Shona,154,144,6.4935064935064934,2705,2587,4.3622920517560075
Albanian,288,294,-2.0833333333333335,2536,2429,4.219242902208202
Maltese,53,51,3.7735849056603774,2554,2170,15.035238841033673
Khasi,245,250,-2.0408163265306123,2331,2295,1.5444015444015444
Tajik,235,218,7.23404255319149,2287,1863,18.53957149103629
Akan,231,234,-1.2987012987012987,2265,2231,1.5011037527593818
Icelandic,206,216,-4.854368932038835,2279,2005,12.02281702501097
Kyrgyz,458,437,4.585152838427947,1970,1752,11.065989847715736
Nauru,267,259,2.9962546816479403,1994,1841,7.673019057171515
Lithuanian,115,114,0.8695652173913043,2137,2135,0.09358914365933552
Azerbaijani,88,87,1.1363636363636365,2093,2012,3.870043000477783
Javanese,168,181,-7.738095238095238,1782,1608,9.764309764309765
Cebuano,158,155,1.8987341772151898,1678,1583,5.66150178784267
Uyghur,202,240,-18.81188118811881,1621,1487,8.266502159161012
Belarusian,77,74,3.896103896103896,1725,1545,10.434782608695652
Yoruba,285,273,4.2105263157894735,1454,1395,4.05777166437414
Swati,257,230,10.505836575875486,1190,1121,5.798319327731092
Tigrinya,295,287,2.711864406779661,1064,1006,5.451127819548872
Turkmen,53,57,-7.547169811320755,1273,1077,15.396700706991359
Igbo,49,48,2.0408163265306123,1215,1138,6.337448559670782
Hmong,95,82,13.68421052631579,1059,980,7.459867799811143
Marathi,697,760,-9.038737446197992,245,209,14.693877551020408
Mongolian,48,48,0.0,869,755,13.118527042577675
Sinhala,139,149,-7.194244604316546,755,767,-1.5894039735099337
Sundanese,41,43,-4.878048780487805,750,734,2.1333333333333333
Bashkir,22,22,0.0,739,627,15.155615696887686
Rundi,40,41,-2.5,670,639,4.626865671641791
Amharic,129,128,0.7751937984496124,531,475,10.546139359698682
Venda,35,37,-5.714285714285714,488,426,12.704918032786885
Urdu,73,102,-39.726027397260275,274,331,-20.802919708029197
Tibetan,13,17,-30.76923076923077,264,275,-4.166666666666667
Armenian,72,114,-58.333333333333336,197,197,0.0
Zulu,25,28,-12.0,235,238,-1.2765957446808511
Pashto,44,51,-15.909090909090908,203,218,-7.389162561576355
Lao,14,14,0.0,226,225,0.4424778761061947
Cherokee,166,157,5.421686746987952,19,19,0.0
Abkhazian,5,6,-20.0,173,171,1.1560693641618498
Zhuang,14,15,-7.142857142857143,142,140,1.408450704225352
xx,32,35,-9.375,119,110,7.563025210084033
Sindhi,22,22,0.0,124,111,10.483870967741936
